Workbook

Sheet Project Charter
A1: PROJECT CHARTER — Conversational AI (Phase 1)
A2: One-page scope summary. Blue = you fill in · Green = pulled from the ROI Forecast tab (don't overwrite).
A4: PROJECT IDENTITY
A5: Project name | B5: Order-Cancellation Assistant
A6: Business sponsor
A7: Conv AI BA / Architect | B7: Denis Šuško
A8: Date / Version
A10: SCOPE
A11: Primary goal | B11: Automate order cancellation (~15% of inbound chat volume).
A12: Target channel(s) | B12: Webchat widget
A13: In-scope intents | B13: check_order_status, cancel_order
A14: Out of scope | B14: Voicebot / telephony; issuing monetary refunds directly (bot cancels order state only — refund handled by finance).
A15: Authentication | B15: Logged-in webchat session token; unauthenticated users routed to login before any account action.
A16: Handoff triggers | B16: Order value > €500; OR 2 consecutive failed inputs; OR negative sentiment.
A18: BUSINESS CASE (Phase 1 — auto-pulled from ROI Forecast)
A19: Monthly contacts resolved by bot | B19: ='3. ROI Forecast'!$E$15
A20: Agent hours freed / month | B20: ='3. ROI Forecast'!$F$15
A21: Estimated savings / month (€) | B21: ='3. ROI Forecast'!$G$15
A22: Estimated savings / year (€) | B22: ='3. ROI Forecast'!$H$15
A24: SUCCESS CRITERIA (agree targets + baselines during scoping)
A25: Resolution rate — target vs. current baseline
A26: Escalation rate — acceptable ceiling
A27: CSAT — bot vs. agent
A28: Repeat-contact rate within 7 days (guards against fake containment)
A30: ASSUMPTIONS · DEPENDENCIES · RISKS
A31: Assumptions | B31: Order-management REST API available in test; historical chat logs exportable; owner can sign off tone & guardrails.
A32: Dependencies | B32: Identity/SSO team (auth); contact-centre platform (live handover); Legal/DPO (GDPR sign-off); works council (Betriebsrat) alignment + Betriebsvereinbarung where the bot touches employee workflows (DACH).
A33: Risks | B33: Legacy systems without APIs cap automation; poor-quality logs weaken NLU; over-optimistic resolution targets erode trust; in DACH, starting build before works-council sign-off can freeze the project.

Sheet How to Use
A1: Conversational AI — Phase 1 (Scoping) Templates
A2: Three linked tables that turn raw contact-centre data into a funded Phase-1 roadmap. Fill them left to right: Discovery (facts) → Feasibility (judgment) → ROI (money).
A5: WORKFLOW — fill the tabs in this order
A6: Tab 1 · Channel Discovery | B6: WHAT customers contact you about today, and how much it costs. Observed data collected BEFORE any bot is built — from call/chat logs, ticket analytics, support managers.
A7: Tab 2 · Feasibility Matrix | B7: CAN the bot actually do it? For each intent you judge API readiness, complexity, and a realistic Target Resolution %. Where BA/architect expertise sets the phase plan.
A8: Tab 3 · ROI Forecast | B8: WHAT it's worth. Pulls volume from Tab 1 and resolution % from Tab 2 automatically, applies one editable agent-cost rate, and outputs monthly + annual savings.
A10: COLOR KEY
A11: Blue text | B11: You type this in (raw data / your judgment).
A12: Yellow cell | B12: Key assumption to set once — the agent cost rate on Tab 3. Everything recalculates from it.
A13: Green text | B13: Pulled automatically from another tab. Don't overwrite — it will break the link.
A14: Black text | B14: Calculated for you. Don't overwrite.
A16: KEY DEFINITIONS (so stakeholders agree on terms)
A17: Intent | B17: The AI's internal code-name for one thing the customer wants (e.g. cancel_order). "Stop my shipment", "cancel order 1001", "I bought the wrong item" = different words, one intent.
A18: Monthly Volume | B18: Historical demand from EXISTING channels (phone, live chat, email, tickets) — how many times humans handle this today. NOT hoped-for bot chats.
A19: Target Resolution % | B19: Share of that intent's contacts the bot completes end-to-end, with NO human. Base the money model on this — not on "containment".
A20: Resolution ≠ Containment | B20: Containment = the session never reached a human (includes people who gave up and re-contact you later). Resolution = the task was actually completed. This pack uses Resolution.
A21: Why never 100%? | B21: Business rules block it (order shipped, value > threshold), user input fails (can't find Order ID), sentiment escalates ("give me a human!"), or the backend API errors out.
A22: Sessions ≠ Intent volume | B22: One chat can trigger several intents ("where's my order?" then "cancel it"). Count intents, not sessions, when sizing volume.

Sheet 1. Channel Discovery
A1: TABLE 1 — Existing Channel Discovery (Raw Contact-Centre Data)
A2: Collected BEFORE building anything, from call/chat logs, ticket analytics and support managers. Blue cells = you fill in. Sample rows are an example — replace with your client's data.
A4: Contact Driver / Goal | B4: Mapped Intent Name | C4: Existing Channels Used | D4: Monthly Volume | E4: Avg Handle Time (min) | F4: Notes
A5: Track delivery progress | B5: check_order_status | C5: Phone, Webchat, Email | D5: 20000 | E5: 3 | F5: Top contact driver
A6: Cancel pending order | B6: cancel_order | C6: Phone, Webchat | D6: 7500 | E6: 5 | F6: Guardrail: value > €500 needs manager
A7: Change shipping address | B7: change_address | C7: Email, Web forms | D7: 10000 | E7: 8 | F7: Legacy mainframe, no API

Sheet 2. Feasibility Matrix
A1: TABLE 2 — Technical Prioritization & Feasibility Matrix
A2: Filled by the Conv AI BA / architect. Target Resolution % = share of that intent's contacts the bot completes end-to-end with no human (see How to Use). Blue cells = you fill in.
A4: Intent Name | B4: API Readiness | C4: Complexity | D4: Target Resolution % | E4: Recommended Priority | F4: Rationale (why this %)
A5: check_order_status | B5: High (REST API exists) | C5: Low | D5: 0.7 | E5: Phase 1 (Quick Win) | F5: User gives Order ID, bot queries API, returns tracking. ~30% drop out: typos, unauthenticated accounts, lost packages.
A6: cancel_order | B6: High (REST API exists) | C6: Medium | D6: 0.4 | E6: Phase 1 (Quick Win) | F6: Many attempts fail auto-completion: order already shipped, exceeds €500, or needs manager override.
A7: change_address | B7: Low (Legacy mainframe) | C7: High | D7: 0.1 | E7: Phase 2 (Backlog) | F7: No API → FAQ / deflection only. Cannot automate the write action.

Sheet 3. ROI Forecast
A1: TABLE 3 — Phase-1 ROI Forecast
A2: Money math for the executive business case. Volume pulls from Table 1, Resolution % from Table 2 — automatically. Only edit: the yellow rate + which intents (column A) you include in Phase 1.
A4: ASSUMPTIONS
A5: Blended agent cost (€ / hour) | B5: 50
A6: Cost per minute (€) | B6: =B5/60
A7: Replace €50 with your client's fully-loaded agent cost (salary + overhead). Every figure below recalculates from it.
A9: Intent Name (Phase 1) | B9: Monthly Volume | C9: AHT (min) | D9: Target Resolution % | E9: Monthly Resolved | F9: Saved Agent Hours / mo | G9: Monthly Savings (€) | H9: Annual Savings (€)
A10: check_order_status | B10: =IFERROR(INDEX('1. Channel Discovery'!$D$5:$D$24,MATCH($A10,'1. Channel Discovery'!$B$5:$B$24,0)),"") | C10: =IFERROR(INDEX('1. Channel Discovery'!$E$5:$E$24,MATCH($A10,'1. Channel Discovery'!$B$5:$B$24,0)),"") | D10: =IFERROR(INDEX('2. Feasibility Matrix'!$D$5:$D$24,MATCH($A10,'2. Feasibility Matrix'!$A$5:$A$24,0)),"") | E10: =IF(OR($B10="",$D10=""),"",$B10*$D10) | F10: =IF(OR($E10="",$C10=""),"",$E10*$C10/60) | G10: =IF($F10="","",$F10*$B$5) | H10: =IF($G10="","",$G10*12)
A11: cancel_order | B11: =IFERROR(INDEX('1. Channel Discovery'!$D$5:$D$24,MATCH($A11,'1. Channel Discovery'!$B$5:$B$24,0)),"") | C11: =IFERROR(INDEX('1. Channel Discovery'!$E$5:$E$24,MATCH($A11,'1. Channel Discovery'!$B$5:$B$24,0)),"") | D11: =IFERROR(INDEX('2. Feasibility Matrix'!$D$5:$D$24,MATCH($A11,'2. Feasibility Matrix'!$A$5:$A$24,0)),"") | E11: =IF(OR($B11="",$D11=""),"",$B11*$D11) | F11: =IF(OR($E11="",$C11=""),"",$E11*$C11/60) | G11: =IF($F11="","",$F11*$B$5) | H11: =IF($G11="","",$G11*12)
B12: =IFERROR(INDEX('1. Channel Discovery'!$D$5:$D$24,MATCH($A12,'1. Channel Discovery'!$B$5:$B$24,0)),"") | C12: =IFERROR(INDEX('1. Channel Discovery'!$E$5:$E$24,MATCH($A12,'1. Channel Discovery'!$B$5:$B$24,0)),"") | D12: =IFERROR(INDEX('2. Feasibility Matrix'!$D$5:$D$24,MATCH($A12,'2. Feasibility Matrix'!$A$5:$A$24,0)),"") | E12: =IF(OR($B12="",$D12=""),"",$B12*$D12) | F12: =IF(OR($E12="",$C12=""),"",$E12*$C12/60) | G12: =IF($F12="","",$F12*$B$5) | H12: =IF($G12="","",$G12*12)
B13: =IFERROR(INDEX('1. Channel Discovery'!$D$5:$D$24,MATCH($A13,'1. Channel Discovery'!$B$5:$B$24,0)),"") | C13: =IFERROR(INDEX('1. Channel Discovery'!$E$5:$E$24,MATCH($A13,'1. Channel Discovery'!$B$5:$B$24,0)),"") | D13: =IFERROR(INDEX('2. Feasibility Matrix'!$D$5:$D$24,MATCH($A13,'2. Feasibility Matrix'!$A$5:$A$24,0)),"") | E13: =IF(OR($B13="",$D13=""),"",$B13*$D13) | F13: =IF(OR($E13="",$C13=""),"",$E13*$C13/60) | G13: =IF($F13="","",$F13*$B$5) | H13: =IF($G13="","",$G13*12)
B14: =IFERROR(INDEX('1. Channel Discovery'!$D$5:$D$24,MATCH($A14,'1. Channel Discovery'!$B$5:$B$24,0)),"") | C14: =IFERROR(INDEX('1. Channel Discovery'!$E$5:$E$24,MATCH($A14,'1. Channel Discovery'!$B$5:$B$24,0)),"") | D14: =IFERROR(INDEX('2. Feasibility Matrix'!$D$5:$D$24,MATCH($A14,'2. Feasibility Matrix'!$A$5:$A$24,0)),"") | E14: =IF(OR($B14="",$D14=""),"",$B14*$D14) | F14: =IF(OR($E14="",$C14=""),"",$E14*$C14/60) | G14: =IF($F14="","",$F14*$B$5) | H14: =IF($G14="","",$G14*12)
A15: TOTALS | B15: =SUM(B10:B14) | E15: =SUM(E10:E14) | F15: =SUM(F10:F14) | G15: =SUM(G10:G14) | H15: =SUM(H10:H14)
A17: Executive takeaway (auto-updates): read the TOTALS row into a sentence — "By automating these Phase-1 intents we resolve the Monthly Resolved figure with no human help, saving the Monthly Savings figure per month and freeing the Saved Agent Hours for higher-value work."
